{
    "cam0_20250618_180842.jpg": [
        [
            1.0,
            0.0,
            0.0,
            0.0
        ],
        [
            0.0,
            1.0,
            0.0,
            0.0
        ],
        [
            0.0,
            0.0,
            1.0,
            0.0
        ],
        [
            0.0,
            0.0,
            0.0,
            1.0
        ]
    ],
    "cam1_20250618_180842.jpg": [
        [
            0.8677357666800619,
            -0.020273367339805493,
            -0.4966121522887556,
            132.07058998302892
        ],
        [
            -0.013176630005480068,
            0.9978782435134723,
            -0.06376039165630829,
            34.800705016580004
        ],
        [
            0.49685110007512656,
            0.061870846924641745,
            0.8656275080281148,
            20.754535332251805
        ],
        [
            0.0,
            0.0,
            0.0,
            1.0
        ]
    ],
    "cam2_20250618_180842.jpg": [
        [
            0.9312620310402326,
            -0.02559558177626361,
            0.36344999069521955,
            -394.7799021566984
        ],
        [
            -0.0010475836812364038,
            0.9973371972058163,
            0.07292062560124987,
            -6.7832518213388155
        ],
        [
            -0.36434864088020336,
            -0.0682889541813422,
            0.928755450388081,
            114.84019568141156
        ],
        [
            0.0,
            0.0,
            0.0,
            1.0
        ]
    ],
    "cam3_20250618_180842.jpg": [
        [
            0.9761797035353881,
            -0.058266769126831354,
            0.2089932296058465,
            -294.2262003842932
        ],
        [
            0.03968761551189698,
            0.9949660870278259,
            0.09201836142594857,
            -12.828896235550285
        ],
        [
            -0.21330278849687215,
            -0.08153201383540824,
            0.9735781689928146,
            53.643738950845716
        ],
        [
            0.0,
            0.0,
            0.0,
            1.0
        ]
    ]
}