{
    "resolution": [
        540,
        960
    ],
    "camera_angle_x": 1.0849072650078857,
    "camera_angle_y": 0.64873089825551,
    "mtx": [
        [
            796.3238979427927,
            0.0,
            516.4418055268253
        ],
        [
            0.0,
            802.9947224494564,
            288.85541859424796
        ],
        [
            0.0,
            0.0,
            1.0
        ]
    ],
    "dist": [
        [
            0.14949194355830467,
            -0.8774325266177553,
            -0.00043638754439643304,
            0.03442781090319544,
            1.2190117207766658
        ]
    ],
    "calibration_error": 0.11059658639322893
}