{
    "camera_angle_x": 1.2064738288961065,
    "camera_angle_y": 0.7367856174766834,
    "mtx": [
        [
            929.0182156968893,
            0.0,
            642.4113333647821
        ],
        [
            0.0,
            932.605428515326,
            350.74023468868296
        ],
        [
            0.0,
            0.0,
            1.0
        ]
    ],
    "dist": [
        [
            0.026535435041207412,
            0.878535068148697,
            -0.0007918661657274816,
            0.0016328463565910187,
            -3.6516758027638088
        ]
    ],
    "calibration_error": 0.07909454559926024
}