{
    "resolution": [
        540,
        960
    ],
    "camera_angle_x": 1.085356296762511,
    "camera_angle_y": 0.6524516757446874,
    "mtx": [
        [
            795.9196711989554,
            0.0,
            512.5828093701366
        ],
        [
            0.0,
            798.0767349877945,
            288.09914333637687
        ],
        [
            0.0,
            0.0,
            1.0
        ]
    ],
    "dist": [
        [
            0.10548540736573415,
            -0.34389982683075154,
            0.0035774117281551893,
            0.019997866370885672,
            0.020037822979837305
        ]
    ],
    "calibration_error": 0.08533671781020748
}