{
    "resolution": [
        540,
        960
    ],
    "camera_angle_x": 1.110293252407065,
    "camera_angle_y": 0.6753970158700947,
    "mtx": [
        [
            773.9327531009317,
            0.0,
            551.0184652955946
        ],
        [
            0.0,
            768.9032675818626,
            260.5200219973512
        ],
        [
            0.0,
            0.0,
            1.0
        ]
    ],
    "dist": [
        [
            -0.0011411074740624945,
            0.007926505997473793,
            0.004108199725685089,
            0.0339955138146234,
            -0.11405567970007446
        ]
    ],
    "calibration_error": 0.12069127800660748
}