{
    "camera_angle_x": 1.082292733923612,
    "camera_angle_y": 0.6517795172162462,
    "mtx": [
        [
            798.683542982668,
            0.0,
            507.1814925306619
        ],
        [
            0.0,
            798.9611616052019,
            345.2420873195274
        ],
        [
            0.0,
            0.0,
            1.0
        ]
    ],
    "dist": [
        [
            -0.031052042850352003,
            0.5079194850875131,
            0.017796654069846866,
            0.009330081772766625,
            -2.2563893759746105
        ]
    ],
    "calibration_error": 0.20727322217719968
}