{
    "resolution": [
        540,
        960
    ],
    "camera_angle_x": 1.0769427178166673,
    "camera_angle_y": 0.6447158918510516,
    "mtx": [
        [
            803.5441416353781,
            0.0,
            454.147672078743
        ],
        [
            0.0,
            808.3630255239967,
            266.94231760686847
        ],
        [
            0.0,
            0.0,
            1.0
        ]
    ],
    "dist": [
        [
            0.07381540481013285,
            -0.008482512858105442,
            -0.006900586598248374,
            -0.02828820538671824,
            -1.6999108972467676
        ]
    ],
    "calibration_error": 0.12126044824217143
}