{
    "resolution": [
        540,
        960
    ],
    "camera_angle_x": 1.0870065651584473,
    "camera_angle_y": 0.6680931172230794,
    "mtx": [
        [
            794.4366507085731,
            0.0,
            480.0
        ],
        [
            0.0,
            777.9803173580591,
            270.0
        ],
        [
            0.0,
            0.0,
            1.0
        ]
    ],
    "dist": [
        [
            -0.0318753416306205,
            0.12802450574397167,
            0.005679395875870772,
            0.06361856371639356,
            -0.22865355456103384
        ]
    ],
    "calibration_error": 0.1341311398592188
}