{
    "camera_angle_x": 1.052439432824444,
    "camera_angle_y": 0.629394322027098,
    "mtx": [
        [
            826.3749108339083,
            0.0,
            463.10946191163083
        ],
        [
            0.0,
            829.4561810828104,
            299.11459451751784
        ],
        [
            0.0,
            0.0,
            1.0
        ]
    ],
    "dist": [
        [
            0.21316938362008137,
            -0.6281877756731395,
            0.0070873197008670475,
            -0.0005980584889466155,
            0.22936905668145507
        ]
    ],
    "calibration_error": 0.06272912261744995
}