{
    "cam0": [
        [
            1.0,
            0.0,
            0.0,
            0.0
        ],
        [
            0.0,
            1.0,
            0.0,
            0.0
        ],
        [
            0.0,
            0.0,
            1.0,
            0.0
        ],
        [
            0.0,
            0.0,
            0.0,
            1.0
        ]
    ],
    "cam1": [
        [
            0.9109003921980545,
            -0.025211662094883572,
            -0.4118553721731009,
            126.98372157603316
        ],
        [
            0.011670313916543308,
            0.999306455613394,
            -0.03536115867000472,
            32.85654329981702
        ],
        [
            0.4124612457753085,
            0.02740401181961009,
            0.9105628703552935,
            -1.1511330007447782
        ],
        [
            0.0,
            0.0,
            0.0,
            1.0
        ]
    ],
    "cam2": [
        [
            0.8139731110684666,
            -0.014791944739219742,
            0.5807141920328394,
            -413.3018479840082
        ],
        [
            -0.0020369023565378302,
            0.9995969237676335,
            0.028316797542686588,
            -10.734508037990793
        ],
        [
            -0.5808989804486762,
            -0.024231969897543133,
            0.8136148881065124,
            186.53615513134724
        ],
        [
            0.0,
            0.0,
            0.0,
            1.0
        ]
    ],
    "cam3": [
        [
            0.9272177219007497,
            -0.05976033989198959,
            0.3697242188025794,
            -323.7208918429726
        ],
        [
            0.03970283799779071,
            0.9973090517193073,
            0.061630674291761084,
            -25.541398389544803
        ],
        [
            -0.37241238009511024,
            -0.04246595265303528,
            0.9270952820595978,
            81.31303790848449
        ],
        [
            0.0,
            0.0,
            0.0,
            1.0
        ]
    ]
}