{
    "camera_angle_x": 1.086577720564094,
    "camera_angle_y": 0.6588455594992629,
    "mtx": [
        [
            794.8216439141423,
            0.0,
            522.2999335827216
        ],
        [
            0.0,
            789.7506665806396,
            310.0198735747525
        ],
        [
            0.0,
            0.0,
            1.0
        ]
    ],
    "dist": [
        [
            0.10885308231489231,
            -0.8466397020415473,
            0.011756969633742247,
            0.013266135060825673,
            1.929762794747247
        ]
    ],
    "calibration_error": 0.11756176416107754
}