{
    "resolution": [
        540,
        960
    ],
    "camera_angle_x": 1.0864296497150125,
    "camera_angle_y": 0.6519622656907484,
    "mtx": [
        [
            794.9546373184126,
            0.0,
            464.31968194391993
        ],
        [
            0.0,
            798.7205269821686,
            300.1858810610194
        ],
        [
            0.0,
            0.0,
            1.0
        ]
    ],
    "dist": [
        [
            0.09787928383363176,
            -0.34581560333185474,
            0.010185466723469616,
            -0.01768930022056998,
            0.10139570313186545
        ]
    ],
    "calibration_error": 0.11377408847548746
}