{
    "resolution": [
        540,
        960
    ],
    "camera_angle_x": 1.1200941587104634,
    "camera_angle_y": 0.6788634324163932,
    "mtx": [
        [
            765.5317765804404,
            0.0,
            480.0
        ],
        [
            0.0,
            764.6610730505126,
            270.0
        ],
        [
            0.0,
            0.0,
            1.0
        ]
    ],
    "dist": [
        [
            0.0019422563142076018,
            0.06385753485767093,
            -0.002189564116733026,
            -0.01561301767585104,
            -0.345976918420866
        ]
    ],
    "calibration_error": 0.08704625433418885
}