{
    "cam0/cam0_20250618_180842.jpg": [
        [
            1.0,
            0.0,
            0.0,
            0.0
        ],
        [
            0.0,
            1.0,
            0.0,
            0.0
        ],
        [
            0.0,
            0.0,
            1.0,
            0.0
        ],
        [
            0.0,
            0.0,
            0.0,
            1.0
        ]
    ],
    "cam1/cam1_20250618_180842.jpg": [
        [
            0.8740444043833633,
            -0.026133965024541062,
            -0.48514265431749853,
            150.4638079400773
        ],
        [
            0.005193338732143568,
            0.9989977471033444,
            -0.044458188393761124,
            26.153751230351638
        ],
        [
            0.4858182874274546,
            0.03633892065730628,
            0.8733041133800511,
            34.48276898904419
        ],
        [
            0.0,
            0.0,
            0.0,
            1.0
        ]
    ],
    "cam2/cam2_20250618_180842.jpg": [
        [
            0.8400392838416763,
            -0.024327245757812265,
            0.5419798766712678,
            -357.5082173635126
        ],
        [
            -0.007380512975717574,
            0.9983892680349319,
            0.05625297770685729,
            -17.21801341452771
        ],
        [
            -0.542475372372773,
            -0.05125480061918032,
            0.8385066581623007,
            171.32255500827182
        ],
        [
            0.0,
            0.0,
            0.0,
            1.0
        ]
    ],
    "cam3/cam3_20250618_180842.jpg": [
        [
            0.9553972709174394,
            -0.05656078668416948,
            0.2898567441567927,
            -250.96525088368475
        ],
        [
            0.03638323479664645,
            0.9965542096937818,
            0.07453836171619163,
            -24.760615497793385
        ],
        [
            -0.2930739069744022,
            -0.06066782138225836,
            0.9541630366449383,
            66.45086156947042
        ],
        [
            0.0,
            0.0,
            0.0,
            1.0
        ]
    ]
}