{
    "resolution": [
        540,
        960
    ],
    "camera_angle_x": 1.07925730154134,
    "camera_angle_y": 0.6489893924644855,
    "mtx": [
        [
            801.4359667819018,
            0.0,
            455.37111503251714
        ],
        [
            0.0,
            802.651296254013,
            283.05240066810927
        ],
        [
            0.0,
            0.0,
            1.0
        ]
    ],
    "dist": [
        [
            0.18398158489957808,
            -0.6561846792419522,
            -0.004499225518423737,
            -0.005308774862764385,
            0.6643186690535821
        ]
    ],
    "calibration_error": 0.08373920428093723
}