{
    "cam0": [
        [
            1.0,
            0.0,
            0.0,
            0.0
        ],
        [
            0.0,
            1.0,
            0.0,
            0.0
        ],
        [
            0.0,
            0.0,
            1.0,
            0.0
        ],
        [
            0.0,
            0.0,
            0.0,
            1.0
        ]
    ],
    "cam1": [
        [
            0.8097315229460456,
            -0.23065498944086016,
            -0.5395675459046017,
            3.477358143380885
        ],
        [
            0.14378552525378713,
            0.969466006372778,
            -0.19864889935539348,
            -76.39819991168068
        ],
        [
            0.5689117536797514,
            0.08327027280880846,
            0.818172034593811,
            526.7700513792034
        ],
        [
            0.0,
            0.0,
            0.0,
            1.0
        ]
    ],
    "cam2": [
        [
            0.9143068654152791,
            -0.27693970434636833,
            0.29554586109609593,
            -338.14439749385247
        ],
        [
            0.30598533556917157,
            0.9503848869808724,
            -0.05604945151360436,
            -268.4773833656585
        ],
        [
            -0.26536000126452414,
            0.14167909780521798,
            0.9536829153203864,
            1052.7058554770015
        ],
        [
            0.0,
            0.0,
            0.0,
            1.0
        ]
    ],
    "cam3": [
        [
            0.521706507544147,
            -0.3699350712125902,
            0.7687459678417993,
            -128.2639071107989
        ],
        [
            0.43962552903973023,
            0.8888161296333407,
            0.1293649176560087,
            -391.56201488262485
        ],
        [
            -0.7311304358338712,
            0.270469833420558,
            0.6263340602321011,
            1668.546149877535
        ],
        [
            0.0,
            0.0,
            0.0,
            1.0
        ]
    ]
}