{
    "cam0": [
        [
            1.0,
            0.0,
            0.0,
            0.0
        ],
        [
            0.0,
            1.0,
            0.0,
            0.0
        ],
        [
            0.0,
            0.0,
            1.0,
            0.0
        ],
        [
            0.0,
            0.0,
            0.0,
            1.0
        ]
    ],
    "cam1": [
        [
            0.8691865985994753,
            -0.3652742022409162,
            -0.3333007860661851,
            233.77404512968764
        ],
        [
            0.3266508020394355,
            0.9301735699910251,
            -0.16756008837770744,
            69.40205250514413
        ],
        [
            0.37123295966558295,
            0.0367680141891534,
            0.9278115125339402,
            -19.51036648387435
        ],
        [
            0.0,
            0.0,
            0.0,
            1.0
        ]
    ],
    "cam2": [
        [
            0.4702226426064268,
            -0.038724048409332745,
            0.8816978589375276,
            -564.92868468972
        ],
        [
            0.25336943614091817,
            0.9629047617146216,
            -0.09283506178670269,
            -20.688279463780447
        ],
        [
            -0.8453961173378205,
            0.2670484374455305,
            0.4625911119423273,
            297.29679909507263
        ],
        [
            0.0,
            0.0,
            0.0,
            1.0
        ]
    ],
    "cam3": [
        [
            0.6633608198766636,
            -0.20614003694536354,
            0.7193460278758234,
            -473.0101277569979
        ],
        [
            0.303270744569389,
            0.9528815438328391,
            -0.006604461452200775,
            -68.65633264838058
        ],
        [
            -0.6840901096645742,
            0.2225377464407091,
            0.6946205246522748,
            159.67665433775312
        ],
        [
            0.0,
            0.0,
            0.0,
            1.0
        ]
    ]
}