{
    "camera_angle_x": 1.0357887793807754,
    "camera_angle_y": 0.617782777796978,
    "mtx": [
        [
            842.4462226567524,
            0.0,
            482.46441372341786
        ],
        [
            0.0,
            846.1149623341,
            271.4958349116244
        ],
        [
            0.0,
            0.0,
            1.0
        ]
    ],
    "dist": [
        [
            0.2610954552398041,
            -0.8418471932643828,
            -0.00044015715565673635,
            -0.009270254389029368,
            0.3085303492020077
        ]
    ],
    "calibration_error": 0.10754531513388069
}